Elly Kedward ,Poción de amor,6,2021/10/11 17:04:16
Alice Kyteler ,Pocion alisadora,12,2021/09/15 19:33:24
Madame Blavatsky ,Poción de amor,30,2021/10/06 17:34:33
Elly Kedward ,Pocion alisadora,5,2021/10/12 18:37:00
Elly Kedward ,Poción de amor,3,2021/10/06 17:34:33
Alice Kyteler ,Poción de amor,5,2021/09/15 19:33:24
Madame Blavatsky ,Pocion alisadora,9,2021/10/14 13:32:59
Alice Kyteler ,Poción de amor,18,2021/10/12 18:37:00
Alice Kyteler ,Poción de amor,30,2021/10/14 13:32:59
Alice Kyteler ,Pocion alisadora,1,2021/10/11 17:04:16
Madame Blavatsky ,Pocion alisadora,2,2021/09/13 20:48:48
Elly Kedward ,Pocion multijugos,6,2021/10/01 19:35:59
Elly Kedward ,Poción de amor,22,2021/09/13 20:48:48
Elly Kedward ,Poción de amor,21,2021/10/01 19:35:59
Madame Blavatsky ,Pocion alisadora,7,2021/09/16 19:48:34
Madame Blavatsky ,Pocion multijugos,1,2021/09/22 20:59:28
Elly Kedward ,Poción de amor,5,2021/09/22 20:59:28
Joan Wytte ,Poción de amor,8,2021/09/16 19:48:34
Joan Wytte ,Poción de amor,42,2021/09/15 18:06:10
Elly Kedward ,Poción de amor,12,2021/09/15 18:06:10
Joan Wytte ,Pocion multijugos,13,2021/09/19 21:45:35
Madame Blavatsky ,Pocion alisadora,35,2021/10/03 15:22:59
Madame Blavatsky ,Pocion alisadora,33,2021/09/19 21:45:35
Alice Kyteler ,Pocion alisadora,13,2021/10/03 15:22:59
Madame Blavatsky ,Poción de amor,22,2021/09/27 19:06:41
Madame Blavatsky ,Poción de amor,45,2021/09/27 19:06:41
Elly Kedward ,Pocion alisadora,5,2021/09/15 13:28:12
Elly Kedward ,Pocion alisadora,13,2021/09/15 13:28:12
Elly Kedward ,Pocion alisadora,54,2021/10/18 20:49:23
Elly Kedward ,Poción de amor,95,2021/10/18 20:49:23
Joan Wytte ,Pocion multijugos,33,2021/09/22 21:33:21
Joan Wytte ,Pocion alisadora,13,2021/09/22 21:33:21
Joan Wytte ,Poción de amor,15,2021/09/23 20:04:55
Joan Wytte ,Poción de amor,17,2021/09/23 20:04:55
Madame Blavatsky ,Pocion multijugos,19,2021/09/23 18:08:52
Elly Kedward ,Pocion alisadora,21,2021/09/23 18:08:52
Joan Wytte ,Pocion multijugos,23,2021/10/06 18:52:48
Joan Wytte ,Poción de amor,25,2021/10/06 18:52:48
Elly Kedward ,Pocion multijugos,27,2021/10/17 22:00:03
Joan Wytte ,Pocion multijugos,22,2021/10/17 22:00:03
Madame Blavatsky ,Poción de amor,17,2021/10/09 16:43:11
Madame Blavatsky ,Pocion alisadora,12,2021/10/09 16:43:11
Alice Kyteler ,Pocion multijugos,7,2021/10/18 22:00:03
Madame Blavatsky ,Pocion alisadora,2,2021/10/18 22:00:03
Madame Blavatsky ,Pocion multijugos,14,2021/10/10 16:43:11
Elly Kedward ,Poción de amor,22,2021/10/10 16:43:11
Joan Wytte ,Pocion multijugos,1,2021/10/19 22:00:03
Joan Wytte ,Pocion multijugos,3,2021/10/19 22:00:03
Elly Kedward ,Poción de amor,9,2021/10/11 16:43:11
Joan Wytte ,Pocion multijugos,15,2021/10/11 16:43:11
Madame Blavatsky ,Pocion alisadora,18,2021/10/20 22:00:03
Madame Blavatsky ,Poción de amor,33,2021/10/20 22:00:03
Alice Kyteler ,Poción de amor,22,2021/10/12 16:43:11
Madame Blavatsky ,Pocion multijugos,11,2021/10/12 16:43:11
